Titulo;Link
üì∫ Rolou zoeira! Jogador da Ar√°bia Saudita provoca Messi ap√≥s gola√ßo;;"<a class=""feed-post-link gui-color-primary gui-color-hover"" elementtiming=""text-ssr"">üì∫ Rolou zoeira! Jogador da Ar√°bia Saudita provoca Messi ap√≥s gola√ßo</a>"
Web √© invadida por memes ap√≥s gols da Ar√°bia Saudita;;"<a class=""feed-post-link gui-color-primary gui-color-hover"" elementtiming=""text-ssr"" href=""https://ge.globo.com/futebol/copa-do-mundo/noticia/2022/11/22/brasileiros-enchem-web-de-memes-apos-gol-da-arabia-saudita.ghtml"">Web √© invadida por memes ap√≥s gols da Ar√°bia Saudita</a>"
"üì∫ Brasileiro se infiltra na fan fest de Buenos Aires e comemora derrota argentina; assista";;"<a class=""feed-post-link gui-color-primary gui-color-hover"" elementtiming=""text-ssr"" href=""https://ge.globo.com/futebol/copa-do-mundo/video/brasileiro-se-infiltra-na-fan-fest-de-buenos-aires-e-comemora-derrota-argentina-11145806.ghtml"">üì∫ Brasileiro se infiltra na fan fest de Buenos Aires e comemora derrota argentina; assista</a>"
"Jornais argentinos lamentam derrota para a Ar√°bia Saudita: ""Golpe mundial""";;"<a class=""feed-post-link gui-color-primary gui-color-hover"" elementtiming=""text-ssr"" href=""https://ge.globo.com/futebol/copa-do-mundo/noticia/2022/11/22/jornais-argentinos-lamentam-derrota-para-a-arabia-saudita-um-golpe.ghtml"">Jornais argentinos lamentam derrota para a Ar√°bia Saudita: ""Golpe mundial""</a>"
Algoz da Argentina fez gol no Flamengo, √© f√£ de Neymar e foi treinado por Jorge Jesus;Salem Al-Dawsari fez o segundo gol da Ar√°bia Saudita sobre a Argentina, na estreia das sele√ß√µes ;"<a class=""feed-post-link gui-color-primary gui-color-hover"" elementtiming=""text-ssr"" href=""https://ge.globo.com/futebol/selecoes/arabia-saudita/noticia/2022/11/22/algoz-da-argentina-fez-gol-no-flamengo-e-fa-de-neymar-e-foi-treinado-por-jorge-jesus.ghtml"">Algoz da Argentina fez gol no Flamengo, √© f√£ de Neymar e foi treinado por Jorge Jesus</a>"
Tite faz mist√©rio, fecha treino e esconde escala√ß√£o para estreia;;"<a class=""feed-post-link gui-color-primary gui-color-hover"" elementtiming=""text-ssr"" href=""https://ge.globo.com/futebol/selecao-brasileira/noticia/2022/11/22/tite-faz-misterio-fecha-treino-e-esconde-escalacao-da-selecao-para-estreia-na-copa-do-mundo.ghtml"">Tite faz mist√©rio, fecha treino e esconde escala√ß√£o para estreia</a>"
"Bandeira de Pernambuco √© confundida com LGBTQIAP+ e gera abordagem no Catar; v√≠deo";Jornalista relata que precisou apagar imagens para ter celular devolvido, mas outras pessoas filmaram a√ß√£o;"<a class=""feed-post-link gui-color-primary gui-color-hover"" elementtiming=""text-ssr"" href=""https://ge.globo.com/futebol/copa-do-mundo/noticia/2022/11/22/jornalista-e-abordado-no-catar-ao-confundirem-bandeira-de-pernambuco-com-a-da-causa-lgbtqiap-video.ghtml"">Bandeira de Pernambuco √© confundida com LGBTQIAP+ e gera abordagem no Catar; v√≠deo</a>"
Erasmo Carlos volta a ser internado e est√° intubado;Cantor e compositor passou duas semanas hospitalizado recentemente e teve alta no in√≠cio de novembro.;https://g1.globo.com/rj/rio-de-janeiro/noticia/2022/11/22/erasmo-carlos.ghtml
Dinamarca e Tun√≠sia protagonizam primeiro zero a zero da Copa;;https://ge.globo.com/futebol/copa-do-mundo/jogo/22-11-2022/dinamarca-tunisia.ghtml
"Deu zebra: Ar√°bia Saudita vira e vence a Argentina; veja os gols";;https://g1.globo.com/bom-dia-brasil/playlist/bom-dia-brasil-ultimos-videos.ghtml#video-11145782-id
No Catar, bandeira de Pernambuco √© confundida com apoio a LGBTQIA+;Brasileiro denunciou que teve a bandeira confiscada e pisoteada.;https://g1.globo.com/pe/pernambuco/noticia/2022/11/22/autoridades-do-catar-tomam-bandeira-de-pernambuco-de-brasileiros-apos-jogo-da-copa-do-mundo.ghtml
Ala econ√¥mica de Lula aceita incluir nova '√¢ncora' fiscal em PEC;;https://g1.globo.com/politica/blog/valdo-cruz/post/2022/11/22/transicao-ala-economica-de-lula-aceita-incluir-em-pec-mecanismo-que-garanta-nova-ancora-fiscal.ghtml
Pol√≠cia usa m√°quinas para retirar barricadas e liberar rodovia em MT;;https://g1.globo.com/mt/mato-grosso/noticia/2022/11/22/forcas-de-seguranca-realizam-operacao-na-br-163.ghtml
Isolado, procurador que espancou a chefe tem novo momento de f√∫ria;"Dem√©trius agora quebrou a pia; ele j√° havia destru√≠do a porta de outra cela.";https://g1.globo.com/sp/santos-regiao/noticia/2022/11/22/procurador-que-espancou-a-chefe-tem-novo-momento-de-furia-e-quebra-a-pia-da-cela-de-isolamento.ghtml
Veja 5 carros usados que s√£o baratos em outros pa√≠ses e caros no Brasil;;https://autoesporte.globo.com/carros/usados-e-seminovos/noticia/2022/11/5-carros-usados-que-sao-baratos-em-outros-paises-e-caros-no-brasil.ghtml
